Boat Ride,Sadapathor,"Embark on a captivating voyage through the mystical waterways of Sadapathor, Sylhet. Drift away on this enchanting boat ride, where emerald tea gardens mirror in the tranquil waters, and the whispering breeze carries tales of a land steeped in natural beauty. Let your senses be serenaded by the melodious chirping of birds and the aroma of tea leaves, as you navigate this serene aquatic wonderland. Sadapathor's boat ride is not just a journey; it's a poetic reverie on the calmest of waters, where nature unveils its most delicate secrets.",https://sylhettouristplaces.com/wp-content/uploads/2020/02/Bholaganj-SadaPathor-feb20-2-1024x879.jpg,1.25,2,0.4
Boat Ride,Bisnakandi,"Embark on a mesmerizing odyssey along the crystal-clear waters of Bisnakandi, Sylhet. This boat ride is a voyage into an ethereal realm, where the majestic Khasi hills and rocky outcrops cradle the river, casting enchanting reflections on its surface. As you drift on this liquid mirror, you'll feel as though you're gliding through a dreamscape, where time stands still and nature's beauty takes center stage. The boat ride in Bisnakandi is not merely a journey; it's a surreal rendezvous with the pristine and untouched, where the land and water harmoniously dance to create a visual symphony that will forever linger in your memory.",https://www.travelmate.com.bd/wp-content/uploads/2020/02/Bishankandi.jpg,2,2.5,0.75
Boat Ride,Ratargul,"Embark on a boat ride like no other in Ratargul, Sylhet, where nature's secrets unfold with each gentle ripple. Glide through the mystical waters, flanked by a lush, emerald forest that whispers tales of a primordial world. This isn't just a boat ride; it's a voyage into a living, breathing jungle, where the trees caress the water's edge, and vibrant flora and fauna reveal themselves around every bend. In Ratargul, your boat becomes a vessel of discovery, offering a front-row seat to the enchanting theater of nature, where tranquility and beauty reign supreme.",https://www.travelmate.com.bd/wp-content/uploads/2019/07/Ratargul-2.jpg,2,2.5,1.5
Boat Ride,Jugirkandi Mayabon,"Embark on a journey through the enchanting waters of Jugirkandi Mayabon, Sylhet, where the river unveils secrets only whispered among locals. As you glide along, a living tapestry of lush greenery and vibrant flowers surrounds you, creating a vibrant feast for the senses. Your boat ride here is more than an adventure; it's an immersive experience in the heart of nature's gallery, where the landscapes paint themselves anew with every twist and turn. Jugirkandi Mayabon's boat ride promises not just sightseeing but a vivid connection with the untamed beauty of Sylhet, etching unforgettable memories into your soul.",https://samakal.com/uploads/2016/09/online/photos/untitled-4_239473.jpg,1.5,2,1.5
Boat Ride,Jaflong,"Embark on a poetic odyssey along the serene waters of Jaflong, Sylhet. This boat ride is your passport to a world where nature weaves its magic with a delicate touch. The gentle flow of the river carries you through a realm where emerald tea gardens meet the rugged charm of the Khasi hills. As you drift, you'll encounter the iconic hanging bridge and bask in the surreal beauty of this borderland. The Jaflong boat ride isn't just a journey; it's a dance between two nations, a symphony of sights and sounds, and a moment of tranquility in the heart of Sylhet's enchantment.",https://upload.wikimedia.org/wikipedia/commons/a/ab/Boat_in-jaflong-river.jpg,1.2,1.5,0.75
Boat Ride,Lalakhal,"Set sail on an extraordinary adventure along the mystical waters of Lalakhal, Sylhet. This boat ride is your passage to a realm where the river's emerald hues mirror the lush, swaying mangrove forests. As your boat glides, you'll encounter the famous Ratnodweep Island, a verdant jewel in the river's embrace. Lalakhal's boat ride isn't just a journey; it's a tranquil exploration into a surreal dreamscape where the water and the forest intertwine in perfect harmony, creating a canvas of serenity that's sure to captivate your soul.",https://img.truvvle.com/?src=aHR0cHM6Ly9pbWcudHJhdmVsZmVlZC5pby9zbXRyLXJhZmklMkYyMDIyLTEyLTE2LTE5LTEyLTI1OC0xMDAwMDA0MTg5LWpwZw&width=1920,0.8,1.2,1
Boat Ride,Dibir Haor,"Embarking on a boat ride in Dibir Haor is like entering a hidden realm, where the horizon seems to stretch infinitely. Your vessel becomes a time machine, as you glide through pristine wetlands, where migratory birds create a kaleidoscope of colors in the sky. The boat becomes your storyteller, revealing the ancient tales of this untouched paradise, where water lilies bloom like scattered stars on the lake's surface. Dibir Haor's boat ride isn't just an excursion; it's an immersive journey into the heart of nature, where every paddle stroke connects you to a world of tranquility and raw beauty.",https://live.staticflickr.com/565/31516850224_e84eeb19c7_b.jpg,0.8,1,0.5
Boat Ride,Luvachora,"Embark on a boat ride through the pristine waters of Luvachora, Sylhet, where nature unfolds its hidden treasures at every bend. As your boat gracefully glides along the winding river, you'll find yourself immersed in a serene paradise of vibrant greenery and the soothing sounds of flowing water. Luvachora's boat ride offers not just a journey but an intimate connection with the unspoiled beauty of Sylhet, where the untouched landscapes paint a picture of tranquility and enchantment that will stay with you long after the ride is over.",https://scontent-sin6-2.xx.fbcdn.net/v/t39.30808-6/309502268_527520066042386_764993530352599157_n.jpg?_nc_cat=105&ccb=1-7&_nc_sid=52f669&_nc_eui2=AeEluA-r6bWdvBymLOQE8bnI71ToQD0YPRPvVOhAPRg9E_1Xzi4Dk8LJEhSl-KcDJPzcE5QX7sqKW74XxYAZAlRG&_nc_ohc=E49mV3kRPLMAX_kDTp3&_nc_oc=AQkPoGU0peNnEUdKyXe_tIojQQhoL7fAFaH2kw2gzOB1HgHUy7QolXVs3NCscxcZ7GE&_nc_ht=scontent-sin6-2.xx&oh=00_AfD2LBx_V0CsLULQrGUCzjD6weXGpD9_yNwD1qBDnKUbzg&oe=64FD15FD,1.5,3,1.5
Boat Ride,Baikka Beel,"Embarking on a boat ride in Baikka Beel, Sylhet, is like stepping into a living, breathing tapestry of wetland wonders. Your boat becomes a time machine, transporting you to a world where the gentle ripples of water tell stories of centuries past. Glide through the tranquil reed-lined channels and witness the symphony of birdlife and aquatic creatures that call this unique ecosystem home. Baikka Beel's boat ride isn't just an adventure; it's an immersion into the heart of a thriving natural sanctuary, where each paddle stroke unravels a new chapter in the enchanting tale of Sylhet's biodiversity.",https://vromonguide.com/wp-content/uploads/Baikka-Beel-Moulvibazar-770x420.jpg,0.8,1.3,1
Trekking,Satchori National Forest,"Embarking on a trek through the pristine wilderness of Satchori, Sylhet, is akin to stepping into a real-life fairy tale. Here, lush emerald forests envelop you in their cool embrace as you navigate the undulating trails. Each step unveils the secrets of this mystical realm, from cascading waterfalls hidden within the foliage to the symphony of birdcalls that serenade your journey.",https://steemitimages.com/640x0/https://img.esteem.ws/3ymtf4ocwq.png,3.5,5,1.5
Trekking,Khadimnagar National Park,"Embarking on a trek through Khadimnagar National Park in Sylhet is like entering a living, breathing nature's gallery. As you venture along the winding trails, the emerald canopy above provides a cathedral-like serenity, while the forest floor becomes your canvas, painted with vibrant flora and fauna. This trek is not just a walk in the woods; it's a journey into the heart of biodiversity, where you'll encounter rare and endemic species, including the elusive hoolock gibbons. The rhythm of your footsteps harmonizes with the symphony of the jungle, creating a unique connection with the natural world.",https://i.ytimg.com/vi/Bh06NGGk9CM/maxresdefault.jpg,3,4,1
ZipLine,Khadimnagar National Park,"Embarking on a zipline adventure in Khadimnagar National Park, Sylhet, is like soaring through the heart of nature's masterpiece. With the wind in your hair and the forest canopy below, you'll experience the thrill of a lifetime as you glide from one platform to another. This isn't just an adrenaline rush; it's a journey that allows you to see the park from a bird's-eye perspective, where the lush green expanse stretches out in all its glory. The zipline adventure at Khadimnagar National Park is a unique way to immerse yourself in the pristine wilderness of Sylhet, offering a thrilling, yet serene, experience that connects you with the natural world like never before.",https://sylhettouristplaces.com/wp-content/uploads/2020/02/zipline-khadim-2-1024x473.jpg,1,1,0.25
tree-to-tree adventure,Khadimnagar National Park,"Embarking on a tree-to-tree adventure in Khadimnagar National Park, Sylhet, is like stepping into an enchanted realm where nature herself becomes the ultimate obstacle course. Suspended among the canopy, you'll traverse wobbly bridges, sway across rope swings, and conquer daring challenges high above the forest floor. This isn't just an adrenaline rush; it's a thrilling ballet with the treetops, where each step taken connects you with the wilderness in a way you've never imagined. Khadimnagar's tree-to-tree adventure is a daring fusion of nature and excitement, inviting you to embrace the canopy's secrets while indulging your inner adventurer in Sylhet's untouched wilderness.",https://sylhettouristplaces.com/wp-content/uploads/2020/02/inside-Khadimnagar-National-Park-3-1024x629.jpg,4,5,0.5
tree-to-tree adventure,Satchori National Forest,"Delve into an extraordinary treetop expedition amidst the enchanting Satchari National Park, Sylhet. Here, the forest canopy becomes your playground, offering an intricate maze of challenges that include swaying bridges, rope swings, and heart-pounding tightropes. As you traverse these aerial pathways, the lush greenery embraces you, and the melodies of hidden wildlife provide a natural soundtrack. This adventure isn't just a test of your courage; it's a journey that transforms you into a nimble forest dweller, connecting you intimately with Sylhet's untamed spirit. Satchari's tree-to-tree escapade is an immersive fusion of thrill and nature, inviting you to explore the treetops as you've never imagined, creating indelible memories in this pristine wilderness.",https://steemitimages.com/640x0/https://img.esteem.ws/wv8gbwvsgs.png,5,5,0.5
Boat Ride,Hakaluki Haor,"Set sail on an unforgettable journey across the enchanting waters of Hakaluki Haor in Sylhet, where the world transforms into a dreamlike reflection. As your boat gracefully glides through this immense wetland, you'll witness the delicate balance of nature at its finest. This boat ride is no ordinary excursion; it's a passage into a living tapestry of aquatic life and lush greenery, where the surface of the water sparkles with the promise of new discoveries. With every ripple and every glimpse of rare bird species, Hakaluki Haor unveils its secrets, leaving you with a deep appreciation for the raw and untouched beauty of Sylhet's natural wonders.",https://www.localguidesconnect.com/t5/image/serverpage/image-id/1429854i1D6C4420F91579F7?v=v2,8,10,3
Trekking,Lawachara National Park,"Embark on a trekking adventure through Lawachara National Park in Sylhet, and let the lush emerald canopy be your guiding star. Here, the forest floor becomes your path, leading you deeper into a world of hidden wonders. This trek is a journey of discovery, where each step reveals a new facet of the forest's secrets. From the mesmerizing symphony of birdcalls to the enchanting flora that lines your way, Lawachara National Park offers an immersive trekking experience that connects you intimately with Sylhet's pristine wilderness. It's not just a hike; it's a poetic exploration of nature's sanctuary, where the heart of the jungle beats in harmony with your own.",https://bangladeshtourismguide.com/images/aaf4ab934e6b3b9cfc4ca0b1757b2fdf3e1b417eIr.jpeg,3.5,7,1.5
Trekking,Humhum Waterfall,"Trekking towards Humhum in Sylhet is a journey through untouched paradise. The rugged terrain gives way to a symphony of nature as you venture deeper into the wilderness. The lush forests seem to whisper secrets of ancient times, and the cascading waterfalls offer a refreshing respite on your path. This trek is not just an adventure; it's an intimate connection with the wild heart of Sylhet, where each step carries you closer to the untamed beauty that defines this hidden gem.",https://i0.wp.com/1.bp.blogspot.com/-AE-qINZMpM0/WotHIDt3WDI/AAAAAAAAZxg/v5-jgVguDbw4DbjZJagcK7I-7NaK5d4bwCLcBGAs/s1600/humhum-trail%252B04.JPG?ssl=1,2,3,1
Boat Ride,Kandar Haor,"Embark on a captivating boat ride through the mesmerizing expanse of Kandar Haor in Sylhet, where time seems to slow down, and nature's wonders take center stage. As your boat gently glides across the serene waters, the ever-changing reflections of the sky and surrounding landscape create an enchanting kaleidoscope. Here, it's not just a boat ride; it's an immersive journey into a realm where wetlands embrace the horizon, and migratory birds grace the heavens with their presence. Kandar Haor's boat ride is a tranquil voyage that whispers tales of solitude, serenity, and the untouched beauty of Sylhet's aquatic paradise.",https://www.tbsnews.net/sites/default/files/styles/amp_metadata_content_image_min_696px_wide/public/images/2021/09/25/p5_story_img_20210716_152357-01.jpeg,0.75,1.5,1
Boat Ride,Tanguar Haor,"Embark on a boat ride through the enchanting waters of Tanguar Haor in Sylhet, where time seems to stand still. As your boat glides along the serene surface, you'll be surrounded by the mesmerizing beauty of this Ramsar Wetland Site. The lake mirrors the ever-changing sky, creating a kaleidoscope of colors that dance on the water's edge. Tanguar Haor's boat ride is not just a scenic journey; it's an immersive experience where you become one with the tranquil landscape, accompanied by the melodic calls of migratory birds and the whispers of aquatic life beneath. This adventure offers a unique glimpse into the delicate balance of nature in Sylhet, leaving you with memories as serene as the waters themselves.",https://av-website-production.s3.ap-southeast-1.amazonaws.com/Global/WhatToExpect/LargeHouseboatwithAllFacilities/20d35a0ed3ce4857bbe3e25481eaab7e_279440114_294016256252968_1092004695835315850_n.jpeg,2,2.5,3
Boat Ride, Jadukata River,"Embarking on a boat ride along the meandering waters of the Jadukata River in Sylhet is like navigating a liquid jewel through an emerald forest. The boat becomes your time machine, transporting you to a world where lush foliage embraces the riverbanks, creating a vibrant tapestry of green and blue. As you glide along, the river's serene surface mirrors the surrounding landscape, and the gentle murmur of water is your soothing soundtrack. This boat ride is not just an excursion; it's a tranquil voyage into the heart of Sylhet's natural splendor, where every moment on the Jadukata River is a brushstroke in a masterpiece of serene beauty.",https://images.prothomalo.com/prothomalo-english%2F2021-07%2F5c20eaf3-b6ba-4790-a255-021c2765110b%2F7159433_Jadukata.jpg?auto=format&q=35&w=1200,0.5,1.25,0.75
Kayaking,Niladri Lake,"Embark on an exhilarating kayaking adventure in Niladri Lake, Sylhet, where the serene waters become your canvas for exploration. Paddle through the stillness of this pristine lake, surrounded by the lush embrace of the surrounding hills. The gentle rhythm of your kayak merges with the tranquil ambiance, allowing you to immerse yourself in the sights and sounds of nature. This kayaking experience is not merely a recreational activity; it's a tranquil journey that invites you to become one with the breathtaking landscapes of Bangladesh-India border, offering a unique perspective on its untouched beauty.",https://lh3.googleusercontent.com/pw/AIL4fc9JkPv6f3OeSz0VPHmnvCwEq8WgLt0QJafNKMQ58wjS3I5eSGofSUTMiqyn5VC_-TVf_VCl1yUk6FV1ZcYJAnf38SIcTvkaWMCGiZpvUL4WysAr9Of27EXGGHRpP39i8dqx9okwiduyu2PVQApJLSFI=w1211-h908-s-no?authuser=0,2,3,1